{"cameraMode":{"drawMode":0,"name":"Shaded","section":"Shading Mode"},"sceneLighting":false,"audioPlay":false,"sceneViewState":{"m_AlwaysRefresh":false,"showFog":true,"showSkybox":false,"showFlares":true,"showImageEffects":true,"showParticleSystems":true,"showVisualEffectGraphs":true,"m_FxEnabled":true},"in2DMode":false,"pivot":{"x":2.6221508979797365,"y":0.7735187411308289,"z":4.4516096115112309},"rotation":{"x":-0.14261241257190705,"y":0.7283639907836914,"z":0.1595831960439682,"w":0.6509104371070862},"size":1.2806340456008912,"orthographic":false}