{"cameraMode":{"drawMode":0,"name":"Shaded","section":"Shading Mode"},"sceneLighting":true,"audioPlay":false,"sceneViewState":{"m_AlwaysRefresh":false,"showFog":true,"showSkybox":true,"showFlares":true,"showImageEffects":true,"showParticleSystems":true,"showVisualEffectGraphs":true,"m_FxEnabled":true},"in2DMode":false,"pivot":{"x":-0.07250118255615235,"y":14.135454177856446,"z":10.05034065246582},"rotation":{"x":0.14045563340187074,"y":-0.03266549110412598,"z":0.004636433441191912,"w":0.9895320534706116},"size":21.68620491027832,"orthographic":true}