{"cameraMode":{"drawMode":0,"name":"Shaded","section":"Shading Mode"},"sceneLighting":true,"audioPlay":false,"sceneViewState":{"m_AlwaysRefresh":false,"showFog":true,"showSkybox":true,"showFlares":true,"showImageEffects":true,"showParticleSystems":true,"showVisualEffectGraphs":true,"m_FxEnabled":true},"in2DMode":false,"pivot":{"x":-0.07250118255615235,"y":14.135454177856446,"z":10.05034065246582},"rotation":{"x":0.1553635150194168,"y":-0.6911985278129578,"z":0.15601691603660584,"w":0.6883000731468201},"size":12.78757095336914,"orthographic":true}