{"cameraMode":{"drawMode":0,"name":"Shaded","section":"Shading Mode"},"sceneLighting":true,"audioPlay":false,"sceneViewState":{"m_AlwaysRefresh":false,"showFog":true,"showSkybox":true,"showFlares":true,"showImageEffects":true,"showParticleSystems":true,"showVisualEffectGraphs":true,"m_FxEnabled":true},"in2DMode":false,"pivot":{"x":2.689999580383301,"y":19.84000015258789,"z":2.3999998569488527},"rotation":{"x":0.5370547771453857,"y":-0.01138619426637888,"z":0.007250678725540638,"w":0.8434396982192993},"size":18.86313819885254,"orthographic":true}