{"cameraMode":{"drawMode":0,"name":"Shaded","section":"Shading Mode"},"sceneLighting":false,"audioPlay":false,"sceneViewState":{"m_AlwaysRefresh":false,"showFog":true,"showSkybox":false,"showFlares":true,"showImageEffects":true,"showParticleSystems":true,"showVisualEffectGraphs":true,"m_FxEnabled":true},"in2DMode":false,"pivot":{"x":-32.60493087768555,"y":0.35526078939437868,"z":4.645603656768799},"rotation":{"x":-0.059963393956422809,"y":0.7494697570800781,"z":0.06853389739990235,"w":0.6557485461235046},"size":1.280625581741333,"orthographic":false}