{"cameraMode":{"drawMode":0,"name":"Shaded","section":"Shading Mode"},"sceneLighting":false,"audioPlay":false,"sceneViewState":{"m_AlwaysRefresh":false,"showFog":true,"showSkybox":false,"showFlares":true,"showImageEffects":true,"showParticleSystems":true,"showVisualEffectGraphs":true,"m_FxEnabled":true},"in2DMode":false,"pivot":{"x":8.488335609436036,"y":11.682424545288086,"z":10.372210502624512},"rotation":{"x":0.19819651544094087,"y":0.7748995423316956,"z":-0.29327842593193056,"w":0.5236812233924866},"size":1.6010631322860718,"orthographic":false}