{"cameraMode":{"drawMode":0,"name":"Shaded","section":"Shading Mode"},"sceneLighting":false,"audioPlay":false,"sceneViewState":{"m_AlwaysRefresh":false,"showFog":true,"showSkybox":false,"showFlares":true,"showImageEffects":true,"showParticleSystems":true,"showVisualEffectGraphs":true,"m_FxEnabled":true},"in2DMode":false,"pivot":{"x":-30.84999656677246,"y":0.0017766370438039303,"z":5.040000915527344},"rotation":{"x":-0.17044268548488618,"y":0.7027357816696167,"z":0.17958037555217744,"w":0.6669832468032837},"size":1.280625581741333,"orthographic":false}