{"cameraMode":{"drawMode":0,"name":"Shaded","section":"Shading Mode"},"sceneLighting":false,"audioPlay":false,"sceneViewState":{"m_AlwaysRefresh":false,"showFog":true,"showSkybox":false,"showFlares":true,"showImageEffects":true,"showParticleSystems":true,"showVisualEffectGraphs":true,"m_FxEnabled":true},"in2DMode":false,"pivot":{"x":-0.016622791066765786,"y":0.0021797618828713896,"z":-0.0034207613207399847},"rotation":{"x":0.18551640212535859,"y":0.8078248500823975,"z":-0.33377110958099368,"w":0.44900673627853396},"size":0.012806262820959092,"orthographic":false}