{"cameraMode":{"drawMode":0,"name":"Shaded","section":"Shading Mode"},"sceneLighting":false,"audioPlay":false,"sceneViewState":{"m_AlwaysRefresh":false,"showFog":true,"showSkybox":false,"showFlares":true,"showImageEffects":true,"showParticleSystems":true,"showVisualEffectGraphs":true,"m_FxEnabled":true},"in2DMode":false,"pivot":{"x":3.1232974529266359,"y":-0.6314859986305237,"z":-12.030632972717286},"rotation":{"x":0.020564354956150056,"y":0.734207808971405,"z":-0.022261299192905427,"w":0.6782501935958862},"size":1.3382542133331299,"orthographic":false}