{"cameraMode":{"drawMode":0,"name":"Shaded","section":"Shading Mode"},"sceneLighting":false,"audioPlay":false,"sceneViewState":{"m_AlwaysRefresh":false,"showFog":true,"showSkybox":false,"showFlares":true,"showImageEffects":true,"showParticleSystems":true,"showVisualEffectGraphs":true,"m_FxEnabled":true},"in2DMode":false,"pivot":{"x":-25.790000915527345,"y":0.0017766370438039303,"z":-9.270000457763672},"rotation":{"x":-0.05160066857933998,"y":0.6578269004821777,"z":0.045257050544023517,"w":0.7500377893447876},"size":1.280625581741333,"orthographic":false}