{"cameraMode":{"drawMode":0,"name":"Shaded","section":"Shading Mode"},"sceneLighting":false,"audioPlay":false,"sceneViewState":{"m_AlwaysRefresh":false,"showFog":true,"showSkybox":false,"showFlares":true,"showImageEffects":true,"showParticleSystems":true,"showVisualEffectGraphs":true,"m_FxEnabled":true},"in2DMode":false,"pivot":{"x":-30.011157989501954,"y":165.59664916992188,"z":25.653305053710939},"rotation":{"x":0.12022197991609574,"y":0.19814223051071168,"z":-0.024492379277944566,"w":0.9724706411361694},"size":174.46913146972657,"orthographic":true}