{"cameraMode":{"drawMode":0,"name":"Shaded","section":"Shading Mode"},"sceneLighting":false,"audioPlay":false,"sceneViewState":{"m_AlwaysRefresh":false,"showFog":true,"showSkybox":false,"showFlares":true,"showImageEffects":true,"showParticleSystems":true,"showVisualEffectGraphs":true,"m_FxEnabled":true},"in2DMode":false,"pivot":{"x":-35.790000915527347,"y":0.0017766394885256887,"z":-9.270000457763672},"rotation":{"x":-0.1494334191083908,"y":0.7627931237220764,"z":0.19005940854549409,"w":0.599748432636261},"size":1.280625581741333,"orthographic":false}