{"cameraMode":{"drawMode":0,"name":"Shaded","section":"Shading Mode"},"sceneLighting":false,"audioPlay":false,"sceneViewState":{"m_AlwaysRefresh":false,"showFog":true,"showSkybox":false,"showFlares":true,"showImageEffects":true,"showParticleSystems":true,"showVisualEffectGraphs":true,"m_FxEnabled":true},"in2DMode":false,"pivot":{"x":12.797531127929688,"y":11.014880180358887,"z":-1.6309157609939576},"rotation":{"x":0.08295221626758576,"y":0.7466011643409729,"z":-0.09480882436037064,"w":0.6532390117645264},"size":1.4615060091018677,"orthographic":false}