{"cameraMode":{"drawMode":0,"name":"Shaded","section":"Shading Mode"},"sceneLighting":false,"audioPlay":false,"sceneViewState":{"m_AlwaysRefresh":false,"showFog":true,"showSkybox":false,"showFlares":true,"showImageEffects":true,"showParticleSystems":true,"showVisualEffectGraphs":true,"m_FxEnabled":true},"in2DMode":false,"pivot":{"x":-11.899547576904297,"y":0.6726464033126831,"z":5.2122344970703129},"rotation":{"x":-0.14033979177474976,"y":0.7477550506591797,"z":0.16736076772212983,"w":0.6270220875740051},"size":1.3382627964019776,"orthographic":false}