{"cameraMode":{"drawMode":0,"name":"Shaded","section":"Shading Mode"},"sceneLighting":false,"audioPlay":false,"sceneViewState":{"m_AlwaysRefresh":false,"showFog":true,"showSkybox":false,"showFlares":true,"showImageEffects":true,"showParticleSystems":true,"showVisualEffectGraphs":true,"m_FxEnabled":true},"in2DMode":false,"pivot":{"x":0.22000271081924439,"y":0.0048704142682254318,"z":4.849998474121094},"rotation":{"x":-0.021924447268247606,"y":0.7412335872650147,"z":0.02423909492790699,"w":0.6704539060592651},"size":1.2806341648101807,"orthographic":false}