{"cameraMode":{"drawMode":0,"name":"Shaded","section":"Shading Mode"},"sceneLighting":false,"audioPlay":false,"sceneViewState":{"m_AlwaysRefresh":false,"showFog":true,"showSkybox":false,"showFlares":true,"showImageEffects":true,"showParticleSystems":true,"showVisualEffectGraphs":true,"m_FxEnabled":true},"in2DMode":false,"pivot":{"x":7.150002956390381,"y":0.001775683369487524,"z":-12.179998397827149},"rotation":{"x":-0.17044268548488618,"y":0.7027357816696167,"z":0.17958037555217744,"w":0.6669832468032837},"size":1.2806261777877808,"orthographic":false}