{"cameraMode":{"drawMode":0,"name":"Shaded","section":"Shading Mode"},"sceneLighting":false,"audioPlay":false,"sceneViewState":{"m_AlwaysRefresh":false,"showFog":true,"showSkybox":false,"showFlares":true,"showImageEffects":true,"showParticleSystems":true,"showVisualEffectGraphs":true,"m_FxEnabled":true},"in2DMode":false,"pivot":{"x":23.48021697998047,"y":22.06998062133789,"z":20.77424430847168},"rotation":{"x":0.050407782196998599,"y":0.7115934491157532,"z":-0.05132356286048889,"w":0.6988986134529114},"size":10.305442810058594,"orthographic":true}