{"cameraMode":{"drawMode":0,"name":"Shaded","section":"Shading Mode"},"sceneLighting":false,"audioPlay":false,"sceneViewState":{"m_AlwaysRefresh":false,"showFog":true,"showSkybox":false,"showFlares":true,"showImageEffects":true,"showParticleSystems":true,"showVisualEffectGraphs":true,"m_FxEnabled":true},"in2DMode":false,"pivot":{"x":5.424985408782959,"y":0.11040990799665451,"z":-12.55688190460205},"rotation":{"x":-0.05570117384195328,"y":0.7430316209793091,"z":0.06232960522174835,"w":0.6640180349349976},"size":1.2806261777877808,"orthographic":false}