{"cameraMode":{"drawMode":0,"name":"Shaded","section":"Shading Mode"},"sceneLighting":false,"audioPlay":false,"sceneViewState":{"m_AlwaysRefresh":false,"showFog":true,"showSkybox":false,"showFlares":true,"showImageEffects":true,"showParticleSystems":true,"showVisualEffectGraphs":true,"m_FxEnabled":true},"in2DMode":false,"pivot":{"x":12.238044738769532,"y":-0.6865217685699463,"z":-3.9578542709350588},"rotation":{"x":-0.06603943556547165,"y":0.7555460333824158,"z":0.07709724456071854,"w":0.6471858024597168},"size":1.3602938652038575,"orthographic":false}